{"cameraMode":{"drawMode":0,"name":"Shaded","section":"Shading Mode"},"sceneLighting":false,"audioPlay":false,"sceneViewState":{"m_AlwaysRefresh":false,"showFog":true,"showSkybox":true,"showFlares":true,"showImageEffects":true,"showParticleSystems":true,"showVisualEffectGraphs":true,"m_FxEnabled":true},"in2DMode":false,"pivot":{"x":3.7760002613067629,"y":0.8858001232147217,"z":16.350980758666993},"rotation":{"x":0.04858579859137535,"y":-0.022177789360284807,"z":0.0009826606838032604,"w":0.99867182970047},"size":9.899160385131836,"orthographic":false}