{"cameraMode":{"drawMode":0,"name":"Shaded","section":"Shading Mode"},"sceneLighting":false,"audioPlay":false,"sceneViewState":{"m_AlwaysRefresh":false,"showFog":true,"showSkybox":true,"showFlares":true,"showImageEffects":true,"showParticleSystems":true,"showVisualEffectGraphs":true,"m_FxEnabled":true},"in2DMode":false,"pivot":{"x":-8.06136417388916,"y":-4.660184383392334,"z":165.02822875976563},"rotation":{"x":0.02725735306739807,"y":-0.046470921486616138,"z":-0.0012624665396288038,"w":-0.9985723495483398},"size":8.393741607666016,"orthographic":false}