{"cameraMode":{"drawMode":0,"name":"Shaded","section":"Shading Mode"},"sceneLighting":false,"audioPlay":false,"sceneViewState":{"m_AlwaysRefresh":false,"showFog":true,"showSkybox":true,"showFlares":true,"showImageEffects":true,"showParticleSystems":true,"showVisualEffectGraphs":true,"m_FxEnabled":true},"in2DMode":false,"pivot":{"x":-0.40432843565940859,"y":4.156158447265625,"z":177.12539672851563},"rotation":{"x":0.057583972811698917,"y":-0.004196846857666969,"z":0.00016181537648662925,"w":0.9984291195869446},"size":12.12435531616211,"orthographic":false}