{"cameraMode":{"drawMode":0,"name":"Shaded","section":"Shading Mode"},"sceneLighting":false,"audioPlay":false,"sceneViewState":{"m_AlwaysRefresh":false,"showFog":true,"showSkybox":true,"showFlares":true,"showImageEffects":true,"showParticleSystems":true,"showVisualEffectGraphs":true,"m_FxEnabled":true},"in2DMode":false,"pivot":{"x":-0.0485072135925293,"y":0.4756639003753662,"z":22.334152221679689},"rotation":{"x":-0.16627325117588044,"y":-0.37942948937416079,"z":0.06953417509794235,"w":-0.9075367450714111},"size":0.9361847639083862,"orthographic":false}