{"cameraMode":{"drawMode":0,"name":"Shaded","section":"Shading Mode"},"sceneLighting":false,"audioPlay":false,"sceneViewState":{"m_AlwaysRefresh":false,"showFog":true,"showSkybox":true,"showFlares":true,"showImageEffects":true,"showParticleSystems":true,"showVisualEffectGraphs":true,"m_FxEnabled":true},"in2DMode":false,"pivot":{"x":-14.061628341674805,"y":13.891757011413575,"z":66.09776306152344},"rotation":{"x":0.14481286704540254,"y":0.1025087758898735,"z":-0.015168257057666779,"w":0.9841169118881226},"size":0.8660253882408142,"orthographic":false}