{"cameraMode":{"drawMode":0,"name":"Shaded","section":"Shading Mode"},"sceneLighting":false,"audioPlay":false,"sceneViewState":{"m_AlwaysRefresh":false,"showFog":true,"showSkybox":true,"showFlares":true,"showImageEffects":true,"showParticleSystems":true,"showVisualEffectGraphs":true,"m_FxEnabled":true},"in2DMode":false,"pivot":{"x":-3.1245267391204836,"y":7.90568733215332,"z":146.62274169921876},"rotation":{"x":0.06805505603551865,"y":0.015260744839906693,"z":-0.001126010436564684,"w":0.9976620078086853},"size":1.032751441001892,"orthographic":false}