{"cameraMode":{"drawMode":0,"name":"Shaded","section":"Shading Mode"},"sceneLighting":false,"audioPlay":false,"sceneViewState":{"m_AlwaysRefresh":false,"showFog":true,"showSkybox":true,"showFlares":true,"showImageEffects":true,"showParticleSystems":true,"showVisualEffectGraphs":true,"m_FxEnabled":true},"in2DMode":false,"pivot":{"x":1.786834716796875,"y":12.334956169128418,"z":200.45545959472657},"rotation":{"x":0.06112074479460716,"y":-0.27602118253707888,"z":0.017487769946455957,"w":0.9591509103775024},"size":28.74626922607422,"orthographic":false}