{"cameraMode":{"drawMode":0,"name":"Shaded","section":"Shading Mode"},"sceneLighting":false,"audioPlay":false,"sceneViewState":{"m_AlwaysRefresh":false,"showFog":true,"showSkybox":true,"showFlares":true,"showImageEffects":true,"showParticleSystems":true,"showVisualEffectGraphs":true,"m_FxEnabled":true},"in2DMode":false,"pivot":{"x":-5.126288890838623,"y":2.0866010189056398,"z":8.71112060546875},"rotation":{"x":0.05750619247555733,"y":0.22740307450294496,"z":-0.013551902025938034,"w":0.9721096158027649},"size":0.9931365847587586,"orthographic":false}