{"cameraMode":{"drawMode":0,"name":"Shaded","section":"Shading Mode"},"sceneLighting":false,"audioPlay":false,"sceneViewState":{"m_AlwaysRefresh":false,"showFog":true,"showSkybox":true,"showFlares":true,"showImageEffects":true,"showParticleSystems":true,"showVisualEffectGraphs":true,"m_FxEnabled":true},"in2DMode":false,"pivot":{"x":-4.714648723602295,"y":0.7187709212303162,"z":28.589031219482423},"rotation":{"x":0.029089083895087243,"y":-0.04017796367406845,"z":0.0010728648630902172,"w":0.9988684058189392},"size":10.788239479064942,"orthographic":false}