{"cameraMode":{"drawMode":0,"name":"Shaded","section":"Shading Mode"},"sceneLighting":false,"audioPlay":false,"sceneViewState":{"m_AlwaysRefresh":false,"showFog":true,"showSkybox":true,"showFlares":true,"showImageEffects":true,"showParticleSystems":true,"showVisualEffectGraphs":true,"m_FxEnabled":true},"in2DMode":false,"pivot":{"x":-0.7562413811683655,"y":4.5683794021606449,"z":160.16896057128907},"rotation":{"x":0.030606362968683244,"y":-0.013194471597671509,"z":0.0003261077217757702,"w":0.9995273947715759},"size":2.8284270763397219,"orthographic":false}