{"cameraMode":{"drawMode":0,"name":"Shaded","section":"Shading Mode"},"sceneLighting":false,"audioPlay":false,"sceneViewState":{"m_AlwaysRefresh":false,"showFog":true,"showSkybox":true,"showFlares":true,"showImageEffects":true,"showParticleSystems":true,"showVisualEffectGraphs":true,"m_FxEnabled":true},"in2DMode":false,"pivot":{"x":-1.2646845579147339,"y":0.8832088708877564,"z":12.166922569274903},"rotation":{"x":0.09198559820652008,"y":0.00477098673582077,"z":-0.0005578318960033357,"w":0.9958266615867615},"size":0.8660253882408142,"orthographic":false}