{"cameraMode":{"drawMode":0,"name":"Shaded","section":"Shading Mode"},"sceneLighting":false,"audioPlay":false,"sceneViewState":{"m_AlwaysRefresh":false,"showFog":true,"showSkybox":true,"showFlares":true,"showImageEffects":true,"showParticleSystems":true,"showVisualEffectGraphs":true,"m_FxEnabled":true},"in2DMode":false,"pivot":{"x":4.01866340637207,"y":4.65579891204834,"z":32.74456024169922},"rotation":{"x":0.07940545678138733,"y":0.016447145491838456,"z":-0.001310312538407743,"w":0.9967062473297119},"size":0.17320503294467927,"orthographic":false}