{"cameraMode":{"drawMode":0,"name":"Shaded","section":"Shading Mode"},"sceneLighting":false,"audioPlay":false,"sceneViewState":{"m_AlwaysRefresh":false,"showFog":true,"showSkybox":true,"showFlares":true,"showImageEffects":true,"showParticleSystems":true,"showVisualEffectGraphs":true,"m_FxEnabled":true},"in2DMode":false,"pivot":{"x":2.2618534564971926,"y":3.492941379547119,"z":156.4811553955078},"rotation":{"x":-0.015010719187557698,"y":0.0002960084821097553,"z":0.000010118541467818432,"w":-0.9999274015426636},"size":0.9783130884170532,"orthographic":false}