{"cameraMode":{"drawMode":0,"name":"Shaded","section":"Shading Mode"},"sceneLighting":false,"audioPlay":false,"sceneViewState":{"m_AlwaysRefresh":false,"showFog":true,"showSkybox":true,"showFlares":true,"showImageEffects":true,"showParticleSystems":true,"showVisualEffectGraphs":true,"m_FxEnabled":true},"in2DMode":false,"pivot":{"x":18.07585334777832,"y":-0.2990492284297943,"z":-1.7965558767318726},"rotation":{"x":0.02212856523692608,"y":0.7354145646095276,"z":-0.024083644151687623,"w":0.6769137382507324},"size":12.12435531616211,"orthographic":false}